log_time,Model, confidence, detected bounding box width, detected bounding box height, img xcenter, img ycenter, model output xcenter,  model output ycenter, height (distance to floor), is_flying
2022-08-02 12:17:11.338488,YOLOFaceDetector,0.9073047637939453,166,225,480.0,360.0,279.0,87.0,0,False
2022-08-02 12:17:20.532976,YOLOObjectDetector,0.6927715539932251,676.3169555664062,555.2459106445312,480.0,360.0,519.07177734375,433.9029235839844,0,False
2022-08-02 12:17:20.532976,DepthPerception,243017952,nan,nan,480.0,360.0,nan,nan,0,False
2022-08-02 12:17:20.532976,AzureObjectDetector,0.92,604,560,480.0,360.0,97.5,76.0,0,False
2022-08-02 12:22:13.813549,YOLOFaceDetector,0.9470421671867371,229,377,480.0,360.0,179.5,-3.0,0,False
2022-08-02 12:22:13.813549,YOLOObjectDetector,0.5860690474510193,913.9931640625,718.3409423828125,480.0,360.0,492.92657470703125,360.82952880859375,0,False
2022-08-02 12:22:13.813549,DepthPerception,216878917,nan,nan,480.0,360.0,nan,nan,0,False
2022-08-02 12:22:13.813549,AzureObjectDetector,0.684,775,688,480.0,360.0,81.5,0.0,0,False
2022-08-02 12:22:23.359291,YOLOFaceDetector,0.9752298593521118,306,327,480.0,360.0,163.0,-4.0,0,False
2022-08-02 12:22:23.359291,YOLOObjectDetector,0.7541056871414185,925.9248046875,697.3455200195312,480.0,360.0,482.18206787109375,359.3923645019531,0,False
2022-08-02 12:22:23.359291,DepthPerception,258135663,nan,nan,480.0,360.0,nan,nan,0,False
2022-08-02 12:22:23.359291,AzureObjectDetector,0.784,777,690,480.0,360.0,9.5,0.0,0,False
2022-08-02 12:22:31.694262,YOLOFaceDetector,0.7138991951942444,256,316,480.0,360.0,200.0,0.5,0,False
2022-08-02 12:22:31.694262,YOLOObjectDetector,0.7230381965637207,903.519775390625,713.5250854492188,480.0,360.0,496.48199462890625,356.7625427246094,0,False
2022-08-02 12:22:31.694262,DepthPerception,267899826,nan,nan,480.0,360.0,nan,nan,0,False
2022-08-02 12:22:31.694262,AzureObjectDetector,0.766,770,689,480.0,360.0,83.0,0.0,0,False
2022-08-02 12:22:40.182577,YOLOFaceDetector,nan,nan,nan,480.0,360.0,nan,nan,0,False
2022-08-02 12:22:40.182577,YOLOObjectDetector,0.8075710535049438,876.6173706054688,713.8844604492188,480.0,360.0,516.4537353515625,356.9422302246094,0,False
2022-08-02 12:22:40.182577,DepthPerception,237843356,nan,nan,480.0,360.0,nan,nan,0,False
2022-08-02 12:22:40.182577,AzureObjectDetector,0.772,794,690,480.0,360.0,78.5,1.5,0,False
2022-08-02 12:22:50.717372,YOLOFaceDetector,nan,nan,nan,480.0,360.0,nan,nan,0,False
2022-08-02 12:22:50.717372,YOLOObjectDetector,0.6805761456489563,796.0894775390625,710.2791748046875,480.0,360.0,500.78558349609375,360.572265625,0,False
2022-08-02 12:22:50.717372,DepthPerception,253386104,nan,nan,480.0,360.0,nan,nan,0,False
2022-08-02 12:22:50.717372,AzureObjectDetector,nan,nan,nan,480.0,360.0,nan,nan,0,False
2022-08-02 12:22:58.692639,YOLOFaceDetector,nan,nan,nan,480.0,360.0,nan,nan,0,False
2022-08-02 12:22:58.692639,YOLOObjectDetector,0.4519064724445343,722.0416870117188,716.8536987304688,480.0,360.0,495.4676208496094,359.6435241699219,0,False
2022-08-02 12:22:58.692639,DepthPerception,252440688,nan,nan,480.0,360.0,nan,nan,0,False
2022-08-02 12:22:58.692639,AzureObjectDetector,nan,nan,nan,480.0,360.0,nan,nan,0,False
2022-08-02 12:23:07.621111,YOLOFaceDetector,nan,nan,nan,480.0,360.0,nan,nan,0,False
2022-08-02 12:23:07.621111,YOLOObjectDetector,0.5938159227371216,716.54052734375,718.8353271484375,480.0,360.0,492.17462158203125,360.58233642578125,0,False
2022-08-02 12:23:07.621111,DepthPerception,252691903,nan,nan,480.0,360.0,nan,nan,0,False
2022-08-02 12:23:07.621111,AzureObjectDetector,nan,nan,nan,480.0,360.0,nan,nan,0,False
2022-08-02 12:30:13.522076,YOLOFaceDetector,0.9218919277191162,300,350,480.0,360.0,247.5,3.0,0,False
2022-08-02 12:30:13.522076,YOLOObjectDetector,0.5014961361885071,838.181884765625,714.6393432617188,480.0,360.0,540.840576171875,357.3196716308594,0,False
2022-08-02 12:30:13.522076,DepthPerception,231225993,nan,nan,480.0,360.0,nan,nan,0,False
2022-08-02 12:30:13.522076,AzureObjectDetector,0.62,793,696,480.0,360.0,77.0,12.0,0,False
2022-08-02 12:30:23.560273,YOLOFaceDetector,0.8406106233596802,235,310,480.0,360.0,245.5,-1.5,0,False
2022-08-02 12:30:23.560273,YOLOObjectDetector,0.5925313830375671,859.7677612304688,705.1997680664062,480.0,360.0,514.9830322265625,354.4067687988281,0,False
2022-08-02 12:30:23.560273,DepthPerception,201938820,nan,nan,480.0,360.0,nan,nan,0,False
2022-08-02 12:30:23.560273,AzureObjectDetector,0.666,803,687,480.0,360.0,74.0,15.5,0,False
2022-08-02 12:30:32.183177,YOLOFaceDetector,0.9919469356536865,143,204,480.0,360.0,246.5,131.5,0,False
2022-08-02 12:30:32.183177,YOLOObjectDetector,0.7336372137069702,489.6563415527344,487.51092529296875,480.0,360.0,517.1929931640625,468.0278625488281,0,False
2022-08-02 12:30:32.183177,DepthPerception,216755462,nan,nan,480.0,360.0,nan,nan,0,False
2022-08-02 12:30:32.183177,AzureObjectDetector,0.939,477,497,480.0,360.0,146.5,111.5,0,False
2022-08-02 12:30:40.260530,YOLOFaceDetector,0.9852060675621033,124,153,480.0,360.0,309.0,8.0,0,False
2022-08-02 12:30:40.260530,YOLOObjectDetector,0.9273409247398376,401.81353759765625,720.0,480.0,360.0,759.09326171875,360.0,0,False
2022-08-02 12:30:40.260530,DepthPerception,248763902,nan,nan,480.0,360.0,nan,nan,0,False
2022-08-02 12:30:40.260530,AzureObjectDetector,0.887,421,707,480.0,360.0,268.5,0.0,0,False
2022-08-02 12:30:48.517674,YOLOFaceDetector,0.9295118451118469,127,168,480.0,360.0,289.5,15.5,0,False
2022-08-02 12:30:48.517674,YOLOObjectDetector,0.9171056151390076,338.9559631347656,692.0023803710938,480.0,360.0,611.8001098632812,363.9071350097656,0,False
2022-08-02 12:30:48.517674,DepthPerception,243847925,nan,nan,480.0,360.0,nan,nan,0,False
2022-08-02 12:30:48.517674,AzureObjectDetector,0.92,354,677,480.0,360.0,218.0,19.0,0,False
2022-08-02 12:30:56.683799,YOLOFaceDetector,0.8617913126945496,99,116,480.0,360.0,268.5,75.0,0,False
2022-08-02 12:30:56.683799,YOLOObjectDetector,0.9350306987762451,286.6976623535156,578.13720703125,480.0,360.0,635.672119140625,424.1102294921875,0,False
2022-08-02 12:30:56.683799,DepthPerception,261964871,nan,nan,480.0,360.0,nan,nan,0,False
2022-08-02 12:30:56.683799,AzureObjectDetector,0.928,294,587,480.0,360.0,243.5,61.5,0,False
2022-08-02 12:31:04.487422,YOLOFaceDetector,0.9301452040672302,113,146,480.0,360.0,319.0,49.0,0,False
2022-08-02 12:31:04.487422,YOLOObjectDetector,0.9149834513664246,331.74285888671875,640.4599609375,480.0,360.0,711.0562744140625,392.8797607421875,0,False
2022-08-02 12:31:04.487422,DepthPerception,256485670,nan,nan,480.0,360.0,nan,nan,0,False
2022-08-02 12:31:04.487422,AzureObjectDetector,0.912,353,643,480.0,360.0,271.5,38.5,0,False
2022-08-02 12:31:13.054601,YOLOFaceDetector,nan,nan,nan,480.0,360.0,nan,nan,0,False
2022-08-02 12:31:13.054601,YOLOObjectDetector,nan,nan,nan,480.0,360.0,nan,nan,0,False
2022-08-02 12:31:13.054601,DepthPerception,266721431,nan,nan,480.0,360.0,nan,nan,0,False
2022-08-02 12:31:13.054601,AzureObjectDetector,nan,nan,nan,480.0,360.0,nan,nan,0,False
2022-08-02 12:31:20.977450,YOLOFaceDetector,nan,nan,nan,480.0,360.0,nan,nan,0,False
2022-08-02 12:31:20.977450,YOLOObjectDetector,0.5227612257003784,898.9246826171875,715.400390625,480.0,360.0,449.91107177734375,362.2998046875,0,False
2022-08-02 12:31:20.977450,DepthPerception,188265055,nan,nan,480.0,360.0,nan,nan,0,False
2022-08-02 12:31:20.977450,AzureObjectDetector,nan,nan,nan,480.0,360.0,nan,nan,0,False
2022-08-02 12:31:28.753303,YOLOFaceDetector,nan,nan,nan,480.0,360.0,nan,nan,0,False
2022-08-02 12:31:28.753303,YOLOObjectDetector,0.3612678349018097,856.6185302734375,703.3670043945312,480.0,360.0,448.93109130859375,363.1393737792969,0,False
2022-08-02 12:31:28.753303,DepthPerception,240394470,nan,nan,480.0,360.0,nan,nan,0,False
2022-08-02 12:31:28.753303,AzureObjectDetector,nan,nan,nan,480.0,360.0,nan,nan,0,False
2022-08-02 12:31:36.791966,YOLOFaceDetector,nan,nan,nan,480.0,360.0,nan,nan,0,False
2022-08-02 12:31:36.791966,YOLOObjectDetector,0.7779211401939392,338.2341613769531,710.2730102539062,480.0,360.0,506.929931640625,355.1365051269531,0,False
2022-08-02 12:31:36.791966,DepthPerception,223363462,nan,nan,480.0,360.0,nan,nan,0,False
2022-08-02 12:31:36.791966,AzureObjectDetector,0.678,394,668,480.0,360.0,168.0,7.5,0,False
2022-08-02 12:31:44.475299,YOLOFaceDetector,nan,nan,nan,480.0,360.0,nan,nan,0,False
2022-08-02 12:31:44.475299,YOLOObjectDetector,0.8096530437469482,545.2083740234375,720.0,480.0,360.0,602.8178100585938,360.0,0,False
2022-08-02 12:31:44.475299,DepthPerception,214329204,nan,nan,480.0,360.0,nan,nan,0,False
2022-08-02 12:31:44.475299,AzureObjectDetector,0.815,528,680,480.0,360.0,175.5,5.0,0,False
2022-08-02 12:31:52.190298,YOLOFaceDetector,nan,nan,nan,480.0,360.0,nan,nan,0,False
2022-08-02 12:31:52.190298,YOLOObjectDetector,0.8632609844207764,534.0186767578125,720.0,480.0,360.0,611.1932983398438,360.0,0,False
2022-08-02 12:31:52.190298,DepthPerception,213337577,nan,nan,480.0,360.0,nan,nan,0,False
2022-08-02 12:31:52.190298,AzureObjectDetector,0.825,497,682,480.0,360.0,183.0,4.5,0,False
2022-08-02 12:32:00.219891,YOLOFaceDetector,nan,nan,nan,480.0,360.0,nan,nan,0,False
2022-08-02 12:32:00.219891,YOLOObjectDetector,0.8788620829582214,217.43499755859375,485.47369384765625,480.0,360.0,496.8285217285156,242.73684692382812,0,False
2022-08-02 12:32:00.219891,DepthPerception,182395423,nan,nan,480.0,360.0,nan,nan,0,False
2022-08-02 12:32:00.219891,AzureObjectDetector,0.89,231,455,480.0,360.0,188.5,8.0,0,False
2022-08-02 12:32:20.110255,YOLOFaceDetector,nan,nan,nan,480.0,360.0,nan,nan,0,False
2022-08-02 12:32:20.110255,YOLOObjectDetector,nan,nan,nan,480.0,360.0,nan,nan,0,False
2022-08-02 12:32:20.110255,DepthPerception,177555810,nan,nan,480.0,360.0,nan,nan,0,False
2022-08-02 12:32:20.110255,AzureObjectDetector,0.75,216,269,480.0,360.0,165.0,59.5,0,False
2022-08-02 12:32:29.619023,YOLOFaceDetector,nan,nan,nan,480.0,360.0,nan,nan,0,False
2022-08-02 12:32:29.619023,YOLOObjectDetector,0.7728423476219177,214.63504028320312,343.7037353515625,480.0,360.0,472.41619873046875,300.5146484375,0,False
2022-08-02 12:32:29.619023,DepthPerception,181753061,nan,nan,480.0,360.0,nan,nan,0,False
2022-08-02 12:32:29.619023,AzureObjectDetector,0.788,229,341,480.0,360.0,171.0,72.0,0,False
2022-08-02 12:32:37.906768,YOLOFaceDetector,nan,nan,nan,480.0,360.0,nan,nan,0,False
2022-08-02 12:32:37.906768,YOLOObjectDetector,0.6527201533317566,219.81289672851562,365.1578369140625,480.0,360.0,461.0870361328125,299.879638671875,0,False
2022-08-02 12:32:37.906768,DepthPerception,180807883,nan,nan,480.0,360.0,nan,nan,0,False
2022-08-02 12:32:37.906768,AzureObjectDetector,0.82,236,352,480.0,360.0,168.0,69.0,0,False
2022-08-02 12:32:46.802925,YOLOFaceDetector,nan,nan,nan,480.0,360.0,nan,nan,0,False
2022-08-02 12:32:46.802925,YOLOObjectDetector,0.6527201533317566,219.81289672851562,365.1578369140625,480.0,360.0,461.0870361328125,299.879638671875,0,False
2022-08-02 12:32:46.802925,DepthPerception,180807883,nan,nan,480.0,360.0,nan,nan,0,False
2022-08-02 12:32:46.802925,AzureObjectDetector,0.82,236,352,480.0,360.0,168.0,69.0,0,False
2022-08-02 12:32:55.932401,YOLOFaceDetector,nan,nan,nan,480.0,360.0,nan,nan,0,False
2022-08-02 12:32:55.932401,YOLOObjectDetector,0.6527201533317566,219.81289672851562,365.1578369140625,480.0,360.0,461.0870361328125,299.879638671875,0,False
2022-08-02 12:32:55.932401,DepthPerception,180807883,nan,nan,480.0,360.0,nan,nan,0,False
2022-08-02 12:32:55.932401,AzureObjectDetector,0.82,236,352,480.0,360.0,168.0,69.0,0,False
2022-08-02 12:33:03.082383,YOLOFaceDetector,nan,nan,nan,480.0,360.0,nan,nan,0,False
2022-08-02 12:33:03.082383,YOLOObjectDetector,0.6527201533317566,219.81289672851562,365.1578369140625,480.0,360.0,461.0870361328125,299.879638671875,0,False
2022-08-02 12:33:03.082383,DepthPerception,180807883,nan,nan,480.0,360.0,nan,nan,0,False
2022-08-02 12:33:03.082383,AzureObjectDetector,0.82,236,352,480.0,360.0,168.0,69.0,0,False
2022-08-02 12:35:45.593615,YOLOFaceDetector,nan,nan,nan,480.0,360.0,nan,nan,0,False
2022-08-02 12:35:45.593615,YOLOObjectDetector,0.5358587503433228,447.231689453125,720.0,480.0,360.0,735.5822143554688,360.0,0,False
2022-08-02 12:35:45.593615,DepthPerception,280578236,nan,nan,480.0,360.0,nan,nan,0,False
2022-08-02 12:35:45.593615,AzureObjectDetector,nan,nan,nan,480.0,360.0,nan,nan,0,False
2022-08-02 12:35:54.557528,YOLOFaceDetector,nan,nan,nan,480.0,360.0,nan,nan,0,False
2022-08-02 12:35:54.557528,YOLOObjectDetector,0.8823590278625488,423.4445495605469,424.2300109863281,480.0,360.0,606.2737426757812,212.98072814941406,0,False
2022-08-02 12:35:54.557528,DepthPerception,246166022,nan,nan,480.0,360.0,nan,nan,0,False
2022-08-02 12:35:54.557528,AzureObjectDetector,0.902,408,423,480.0,360.0,194.5,0.0,0,False
2022-08-02 12:36:02.688593,YOLOFaceDetector,nan,nan,nan,480.0,360.0,nan,nan,0,False
2022-08-02 12:36:02.688593,YOLOObjectDetector,0.703942060470581,440.5176696777344,389.56512451171875,480.0,360.0,569.6651611328125,197.20248413085938,0,False
2022-08-02 12:36:02.688593,DepthPerception,256485887,nan,nan,480.0,360.0,nan,nan,0,False
2022-08-02 12:36:02.688593,AzureObjectDetector,0.917,440,397,480.0,360.0,181.5,4.0,0,False
2022-08-02 12:36:11.210108,YOLOFaceDetector,nan,nan,nan,480.0,360.0,nan,nan,0,False
2022-08-02 12:36:11.210108,YOLOObjectDetector,0.7573875188827515,439.3243713378906,384.2532958984375,480.0,360.0,567.74267578125,193.9906005859375,0,False
2022-08-02 12:36:11.210108,DepthPerception,249911904,nan,nan,480.0,360.0,nan,nan,0,False
2022-08-02 12:36:11.210108,AzureObjectDetector,0.907,438,389,480.0,360.0,173.5,3.5,0,False
2022-08-02 12:36:19.040846,YOLOFaceDetector,nan,nan,nan,480.0,360.0,nan,nan,0,False
2022-08-02 12:36:19.040846,YOLOObjectDetector,0.5839208364486694,442.2437744140625,392.3690185546875,480.0,360.0,570.8499145507812,196.79299926757812,0,False
2022-08-02 12:36:19.040846,DepthPerception,251761483,nan,nan,480.0,360.0,nan,nan,0,False
2022-08-02 12:36:19.040846,AzureObjectDetector,0.928,427,389,480.0,360.0,176.5,1.5,0,False
2022-08-02 12:36:27.255539,YOLOFaceDetector,nan,nan,nan,480.0,360.0,nan,nan,0,False
2022-08-02 12:36:27.255539,YOLOObjectDetector,0.6431549191474915,445.8240966796875,394.9408874511719,480.0,360.0,571.354248046875,197.93592834472656,0,False
2022-08-02 12:36:27.255539,DepthPerception,252767127,nan,nan,480.0,360.0,nan,nan,0,False
2022-08-02 12:36:27.255539,AzureObjectDetector,0.924,432,391,480.0,360.0,175.0,1.5,0,False
2022-08-02 12:36:35.981808,YOLOFaceDetector,nan,nan,nan,480.0,360.0,nan,nan,0,False
2022-08-02 12:36:35.981808,YOLOObjectDetector,0.8700624108314514,517.136474609375,386.9328918457031,480.0,360.0,517.4139404296875,524.03515625,0,False
2022-08-02 12:36:35.981808,DepthPerception,228420172,nan,nan,480.0,360.0,nan,nan,0,False
2022-08-02 12:36:35.981808,AzureObjectDetector,0.886,470,403,480.0,360.0,146.5,158.0,0,False
2022-08-02 12:36:44.007441,YOLOFaceDetector,0.9834905862808228,139,202,480.0,360.0,231.5,179.5,0,False
2022-08-02 12:36:44.007441,YOLOObjectDetector,0.9083595871925354,490.8663635253906,391.6561584472656,480.0,360.0,539.822021484375,521.7506103515625,0,False
2022-08-02 12:36:44.007441,DepthPerception,206067271,nan,nan,480.0,360.0,nan,nan,0,False
2022-08-02 12:36:44.007441,AzureObjectDetector,0.934,495,402,480.0,360.0,147.0,156.5,0,False
2022-08-02 12:36:52.337908,YOLOFaceDetector,0.9530712366104126,136,188,480.0,360.0,227.5,176.0,0,False
2022-08-02 12:36:52.337908,YOLOObjectDetector,0.8870896697044373,521.9693603515625,409.4375305175781,480.0,360.0,526.2291870117188,514.3782348632812,0,False
2022-08-02 12:36:52.337908,DepthPerception,215593707,nan,nan,480.0,360.0,nan,nan,0,False
2022-08-02 12:36:52.337908,AzureObjectDetector,0.938,507,408,480.0,360.0,135.5,150.5,0,False
2022-08-02 12:37:00.511395,YOLOFaceDetector,0.8094157576560974,144,195,480.0,360.0,224.0,161.5,0,False
2022-08-02 12:37:00.511395,YOLOObjectDetector,0.8872545957565308,529.1253051757812,425.96435546875,480.0,360.0,516.7241821289062,507.017822265625,0,False
2022-08-02 12:37:00.511395,DepthPerception,209632568,nan,nan,480.0,360.0,nan,nan,0,False
2022-08-02 12:37:00.511395,AzureObjectDetector,0.938,509,429,480.0,360.0,135.0,143.5,0,False
2022-08-02 12:37:09.418246,YOLOFaceDetector,0.7237499952316284,195,270,480.0,360.0,221.5,74.5,0,False
2022-08-02 12:37:09.418246,YOLOObjectDetector,0.7068490982055664,703.2220458984375,619.8135375976562,480.0,360.0,458.384765625,410.0932312011719,0,False
2022-08-02 12:37:09.418246,DepthPerception,251672622,nan,nan,480.0,360.0,nan,nan,0,False
2022-08-02 12:37:09.418246,AzureObjectDetector,0.93,637,590,480.0,360.0,78.5,58.0,0,False
2022-08-02 12:37:18.686633,YOLOFaceDetector,0.9549165368080139,178,240,480.0,360.0,186.0,124.5,0,False
2022-08-02 12:37:18.686633,YOLOObjectDetector,0.8992167711257935,654.9208984375,504.466552734375,480.0,360.0,453.6131591796875,462.99786376953125,0,False
2022-08-02 12:37:18.686633,DepthPerception,202860610,nan,nan,480.0,360.0,nan,nan,0,False
2022-08-02 12:37:18.686633,AzureObjectDetector,0.899,613,509,480.0,360.0,63.0,102.0,0,False
2022-08-02 12:37:27.773280,YOLOFaceDetector,0.8118284940719604,176,260,480.0,360.0,186.5,110.5,0,False
2022-08-02 12:37:27.773280,YOLOObjectDetector,0.9102106690406799,645.62109375,515.087890625,480.0,360.0,444.34844970703125,460.5120849609375,0,False
2022-08-02 12:37:27.773280,DepthPerception,190996824,nan,nan,480.0,360.0,nan,nan,0,False
2022-08-02 12:37:27.773280,AzureObjectDetector,0.9,613,505,480.0,360.0,62.0,102.0,0,False
2022-08-02 12:37:35.623667,YOLOFaceDetector,0.879748523235321,174,242,480.0,360.0,186.5,116.0,0,False
2022-08-02 12:37:35.623667,YOLOObjectDetector,0.9174469113349915,645.4943237304688,518.875,480.0,360.0,452.0039978027344,457.8118896484375,0,False
2022-08-02 12:37:35.623667,DepthPerception,188084658,nan,nan,480.0,360.0,nan,nan,0,False
2022-08-02 12:37:35.623667,AzureObjectDetector,0.887,626,514,480.0,360.0,72.5,100.0,0,False
2022-08-02 12:37:43.472432,YOLOFaceDetector,0.8906937837600708,171,237,480.0,360.0,186.5,116.5,0,False
2022-08-02 12:37:43.472432,YOLOObjectDetector,0.9256598353385925,639.6734619140625,519.79296875,480.0,360.0,448.30169677734375,459.2264404296875,0,False
2022-08-02 12:37:43.472432,DepthPerception,179113800,nan,nan,480.0,360.0,nan,nan,0,False
2022-08-02 12:37:43.472432,AzureObjectDetector,0.897,622,519,480.0,360.0,72.5,97.0,0,False
2022-08-02 12:37:51.738598,YOLOFaceDetector,0.8906937837600708,171,237,480.0,360.0,186.5,116.5,0,False
2022-08-02 12:37:51.738598,YOLOObjectDetector,0.9256598353385925,639.6734619140625,519.79296875,480.0,360.0,448.30169677734375,459.2264404296875,0,False
2022-08-02 12:37:51.738598,DepthPerception,179113800,nan,nan,480.0,360.0,nan,nan,0,False
2022-08-02 12:37:51.738598,AzureObjectDetector,0.897,622,519,480.0,360.0,72.5,97.0,0,False
2022-08-02 12:37:59.144725,YOLOFaceDetector,0.8906937837600708,171,237,480.0,360.0,186.5,116.5,0,False
2022-08-02 12:37:59.144725,YOLOObjectDetector,0.9256598353385925,639.6734619140625,519.79296875,480.0,360.0,448.30169677734375,459.2264404296875,0,False
2022-08-02 12:37:59.144725,DepthPerception,179113800,nan,nan,480.0,360.0,nan,nan,0,False
2022-08-02 12:37:59.144725,AzureObjectDetector,0.897,622,519,480.0,360.0,72.5,97.0,0,False
2022-08-02 12:38:06.038983,YOLOFaceDetector,0.8906937837600708,171,237,480.0,360.0,186.5,116.5,0,False
2022-08-02 12:38:06.038983,YOLOObjectDetector,0.9256598353385925,639.6734619140625,519.79296875,480.0,360.0,448.30169677734375,459.2264404296875,0,False
2022-08-02 12:38:06.038983,DepthPerception,179113800,nan,nan,480.0,360.0,nan,nan,0,False
2022-08-02 12:38:06.038983,AzureObjectDetector,0.897,622,519,480.0,360.0,72.5,97.0,0,False
2022-08-02 12:41:23.966062,YOLOFaceDetector,nan,nan,nan,480.0,360.0,nan,nan,0,False
2022-08-02 12:41:23.966062,YOLOObjectDetector,0.5313143730163574,294.1605529785156,205.48361206054688,480.0,360.0,560.3045043945312,102.74180603027344,0,False
2022-08-02 12:41:23.966062,DepthPerception,274007036,nan,nan,480.0,360.0,nan,nan,0,False
2022-08-02 12:41:23.966062,AzureObjectDetector,nan,nan,nan,480.0,360.0,nan,nan,0,False
2022-08-02 12:41:31.920096,YOLOFaceDetector,nan,nan,nan,480.0,360.0,nan,nan,0,False
2022-08-02 12:41:31.920096,YOLOObjectDetector,0.4839940369129181,308.9236145019531,207.40802001953125,480.0,360.0,564.3057861328125,103.70401000976562,0,False
2022-08-02 12:41:31.920096,DepthPerception,263209961,nan,nan,480.0,360.0,nan,nan,0,True
2022-08-02 12:41:31.920096,AzureObjectDetector,nan,nan,nan,480.0,360.0,nan,nan,0,True
2022-08-02 12:41:46.266550,YOLOFaceDetector,nan,nan,nan,480.0,360.0,nan,nan,30,True
2022-08-02 12:41:46.266550,YOLOObjectDetector,nan,nan,nan,480.0,360.0,nan,nan,30,True
2022-08-02 12:41:46.266550,DepthPerception,281738786,nan,nan,480.0,360.0,nan,nan,30,True
2022-08-02 12:41:46.266550,AzureObjectDetector,nan,nan,nan,480.0,360.0,nan,nan,30,True
2022-08-02 12:41:53.065004,YOLOFaceDetector,nan,nan,nan,480.0,360.0,nan,nan,0,True
2022-08-02 12:41:53.065004,YOLOObjectDetector,nan,nan,nan,480.0,360.0,nan,nan,0,True
2022-08-02 12:41:53.065004,DepthPerception,278110817,nan,nan,480.0,360.0,nan,nan,0,True
2022-08-02 12:41:53.065004,AzureObjectDetector,nan,nan,nan,480.0,360.0,nan,nan,0,True
2022-08-02 12:41:59.836924,YOLOFaceDetector,nan,nan,nan,480.0,360.0,nan,nan,0,True
2022-08-02 12:41:59.836924,YOLOObjectDetector,nan,nan,nan,480.0,360.0,nan,nan,0,True
2022-08-02 12:41:59.836924,DepthPerception,182036570,nan,nan,480.0,360.0,nan,nan,0,True
2022-08-02 12:41:59.836924,AzureObjectDetector,nan,nan,nan,480.0,360.0,nan,nan,0,True
2022-08-02 12:42:06.829833,YOLOFaceDetector,nan,nan,nan,480.0,360.0,nan,nan,0,True
2022-08-02 12:42:06.829833,YOLOObjectDetector,nan,nan,nan,480.0,360.0,nan,nan,0,True
2022-08-02 12:42:06.829833,DepthPerception,211751047,nan,nan,480.0,360.0,nan,nan,0,True
2022-08-02 12:42:06.829833,AzureObjectDetector,nan,nan,nan,480.0,360.0,nan,nan,0,True
2022-08-02 12:42:13.611874,YOLOFaceDetector,nan,nan,nan,480.0,360.0,nan,nan,0,True
2022-08-02 12:42:13.611874,YOLOObjectDetector,0.5574749112129211,127.00904846191406,202.06898498535156,480.0,360.0,202.96383666992188,101.3286361694336,0,True
2022-08-02 12:42:13.611874,DepthPerception,218155176,nan,nan,480.0,360.0,nan,nan,0,True
2022-08-02 12:42:13.611874,AzureObjectDetector,nan,nan,nan,480.0,360.0,nan,nan,0,True
2022-08-02 12:42:28.300161,YOLOFaceDetector,nan,nan,nan,480.0,360.0,nan,nan,80,True
2022-08-02 12:42:28.300161,YOLOObjectDetector,0.6043835282325745,695.8973388671875,719.4881591796875,480.0,360.0,358.38201904296875,360.25592041015625,80,True
2022-08-02 12:42:28.300161,DepthPerception,261405077,nan,nan,480.0,360.0,nan,nan,80,True
2022-08-02 12:42:28.300161,AzureObjectDetector,0.682,618,700,480.0,360.0,16.5,10.0,80,True
2022-08-02 12:42:35.476912,YOLOFaceDetector,nan,nan,nan,480.0,360.0,nan,nan,-100,True
2022-08-02 12:42:35.476912,YOLOObjectDetector,nan,nan,nan,480.0,360.0,nan,nan,-100,True
2022-08-02 12:42:35.476912,DepthPerception,231993475,nan,nan,480.0,360.0,nan,nan,-100,True
2022-08-02 12:42:35.476912,AzureObjectDetector,nan,nan,nan,480.0,360.0,nan,nan,-100,True
2022-08-02 12:42:42.433505,YOLOFaceDetector,nan,nan,nan,480.0,360.0,nan,nan,0,True
2022-08-02 12:42:42.433505,YOLOObjectDetector,nan,nan,nan,480.0,360.0,nan,nan,0,True
2022-08-02 12:42:42.433505,DepthPerception,238382424,nan,nan,480.0,360.0,nan,nan,0,True
2022-08-02 12:42:42.433505,AzureObjectDetector,nan,nan,nan,480.0,360.0,nan,nan,0,True
2022-08-02 12:42:49.425925,YOLOFaceDetector,nan,nan,nan,480.0,360.0,nan,nan,0,True
2022-08-02 12:42:49.425925,YOLOObjectDetector,nan,nan,nan,480.0,360.0,nan,nan,0,True
2022-08-02 12:42:49.425925,DepthPerception,206098471,nan,nan,480.0,360.0,nan,nan,0,True
2022-08-02 12:42:49.425925,AzureObjectDetector,nan,nan,nan,480.0,360.0,nan,nan,0,True
2022-08-02 12:42:56.529173,YOLOFaceDetector,nan,nan,nan,480.0,360.0,nan,nan,0,True
2022-08-02 12:42:56.529173,YOLOObjectDetector,nan,nan,nan,480.0,360.0,nan,nan,0,True
2022-08-02 12:42:56.529173,DepthPerception,242220337,nan,nan,480.0,360.0,nan,nan,0,True
2022-08-02 12:42:56.529173,AzureObjectDetector,nan,nan,nan,480.0,360.0,nan,nan,0,True
2022-08-02 12:43:03.386349,YOLOFaceDetector,nan,nan,nan,480.0,360.0,nan,nan,0,True
2022-08-02 12:43:03.386349,YOLOObjectDetector,nan,nan,nan,480.0,360.0,nan,nan,0,True
2022-08-02 12:43:03.386349,DepthPerception,210065886,nan,nan,480.0,360.0,nan,nan,0,True
2022-08-02 12:43:03.386349,AzureObjectDetector,nan,nan,nan,480.0,360.0,nan,nan,0,True
2022-08-02 12:43:10.444403,YOLOFaceDetector,nan,nan,nan,480.0,360.0,nan,nan,0,True
2022-08-02 12:43:10.444403,YOLOObjectDetector,nan,nan,nan,480.0,360.0,nan,nan,0,True
2022-08-02 12:43:10.444403,DepthPerception,219348000,nan,nan,480.0,360.0,nan,nan,0,True
2022-08-02 12:43:10.444403,AzureObjectDetector,nan,nan,nan,480.0,360.0,nan,nan,0,True
2022-08-02 12:43:18.172577,YOLOFaceDetector,nan,nan,nan,480.0,360.0,nan,nan,0,True
2022-08-02 12:43:18.172577,YOLOObjectDetector,nan,nan,nan,480.0,360.0,nan,nan,0,True
2022-08-02 12:43:18.172577,DepthPerception,240272253,nan,nan,480.0,360.0,nan,nan,0,True
2022-08-02 12:43:18.172577,AzureObjectDetector,nan,nan,nan,480.0,360.0,nan,nan,0,True
2022-08-02 12:43:25.541093,YOLOFaceDetector,nan,nan,nan,480.0,360.0,nan,nan,0,True
2022-08-02 12:43:25.541093,YOLOObjectDetector,0.4719713628292084,238.33978271484375,199.22457885742188,480.0,360.0,523.9337158203125,100.67616271972656,0,True
2022-08-02 12:43:25.541093,DepthPerception,253815721,nan,nan,480.0,360.0,nan,nan,0,True
2022-08-02 12:43:25.541093,AzureObjectDetector,nan,nan,nan,480.0,360.0,nan,nan,0,True
2022-08-02 12:43:46.209987,YOLOFaceDetector,nan,nan,nan,480.0,360.0,nan,nan,0,False
2022-08-02 12:43:46.209987,YOLOObjectDetector,nan,nan,nan,480.0,360.0,nan,nan,0,False
2022-08-02 12:43:46.209987,DepthPerception,202509317,nan,nan,480.0,360.0,nan,nan,0,False
2022-08-02 12:43:46.209987,AzureObjectDetector,nan,nan,nan,480.0,360.0,nan,nan,0,False
2022-08-02 12:58:28.727905,YOLOFaceDetector,nan,nan,nan,480.0,360.0,nan,nan,0,False
2022-08-02 12:58:28.727905,YOLOObjectDetector,0.3118196725845337,645.5368041992188,530.2680053710938,480.0,360.0,546.447509765625,265.1340026855469,0,False
2022-08-02 12:58:28.727905,DepthPerception,227406159,nan,nan,480.0,360.0,nan,nan,0,False
2022-08-02 12:58:28.727905,AzureObjectDetector,0.835,641,670,480.0,360.0,107.0,3.0,0,False
2022-08-02 12:58:36.619260,YOLOFaceDetector,nan,nan,nan,480.0,360.0,nan,nan,0,False
2022-08-02 12:58:36.619260,YOLOObjectDetector,0.3517991900444031,674.55517578125,704.3479614257812,480.0,360.0,545.7066650390625,364.0453186035156,0,False
2022-08-02 12:58:36.619260,DepthPerception,215208830,nan,nan,480.0,360.0,nan,nan,0,False
2022-08-02 12:58:36.619260,AzureObjectDetector,0.892,639,671,480.0,360.0,107.0,3.5,0,False
2022-08-02 12:58:44.331623,YOLOFaceDetector,0.6617807149887085,155,182,480.0,360.0,142.0,3.5,0,False
2022-08-02 12:58:44.331623,YOLOObjectDetector,0.5679354667663574,600.9878540039062,703.234130859375,480.0,360.0,391.5400695800781,351.6170654296875,0,False
2022-08-02 12:58:44.331623,DepthPerception,232818718,nan,nan,480.0,360.0,nan,nan,0,False
2022-08-02 12:58:44.331623,AzureObjectDetector,0.923,602,664,480.0,360.0,49.0,4.5,0,False
2022-08-02 12:58:51.334424,YOLOFaceDetector,0.875288724899292,123,176,480.0,360.0,157.0,46.0,0,False
2022-08-02 12:58:51.334424,YOLOObjectDetector,0.5486780405044556,487.61669921875,625.9402465820312,480.0,360.0,434.53619384765625,386.2620544433594,0,False
2022-08-02 12:58:51.334424,DepthPerception,205352595,nan,nan,480.0,360.0,nan,nan,0,False
2022-08-02 12:58:51.334424,AzureObjectDetector,0.862,492,639,480.0,360.0,88.0,34.0,0,False
2022-08-02 12:59:12.409818,YOLOFaceDetector,nan,nan,nan,480.0,360.0,nan,nan,0,False
2022-08-02 12:59:12.409818,YOLOObjectDetector,0.28060996532440186,469.46282958984375,656.5204467773438,480.0,360.0,482.4082946777344,328.2602233886719,0,False
2022-08-02 12:59:12.409818,DepthPerception,260768401,nan,nan,480.0,360.0,nan,nan,0,False
2022-08-02 12:59:12.409818,AzureObjectDetector,0.738,719,692,480.0,360.0,116.5,0.0,0,False
2022-08-02 12:59:19.930206,YOLOFaceDetector,0.9831315279006958,119,168,480.0,360.0,147.5,57.0,0,False
2022-08-02 12:59:19.930206,YOLOObjectDetector,0.6387712359428406,426.61004638671875,619.0892944335938,480.0,360.0,271.1819152832031,392.2729797363281,0,False
2022-08-02 12:59:19.930206,DepthPerception,186263705,nan,nan,480.0,360.0,nan,nan,0,False
2022-08-02 12:59:19.930206,AzureObjectDetector,0.893,581,607,480.0,360.0,26.0,42.5,0,False
2022-08-02 12:59:26.849524,YOLOFaceDetector,0.9574332237243652,113,161,480.0,360.0,190.0,73.0,0,False
2022-08-02 12:59:26.849524,YOLOObjectDetector,0.6736432313919067,430.8342590332031,594.1718139648438,480.0,360.0,329.0440673828125,406.2843933105469,0,False
2022-08-02 12:59:26.849524,DepthPerception,168019886,nan,nan,480.0,360.0,nan,nan,0,False
2022-08-02 12:59:26.849524,AzureObjectDetector,0.87,399,548,480.0,360.0,79.0,63.0,0,False
2022-08-02 12:59:33.926676,YOLOFaceDetector,0.9247157573699951,103,106,480.0,360.0,236.5,110.5,0,False
2022-08-02 12:59:33.926676,YOLOObjectDetector,0.672818660736084,400.9180908203125,495.98480224609375,480.0,360.0,411.77117919921875,453.8532409667969,0,False
2022-08-02 12:59:33.926676,DepthPerception,188665621,nan,nan,480.0,360.0,nan,nan,0,False
2022-08-02 12:59:33.926676,AzureObjectDetector,0.906,410,518,480.0,360.0,104.5,95.5,0,False
2022-08-02 12:59:41.076989,YOLOFaceDetector,nan,nan,nan,480.0,360.0,nan,nan,0,False
2022-08-02 12:59:41.076989,YOLOObjectDetector,0.4983985722064972,353.23193359375,477.2246398925781,480.0,360.0,467.8638916015625,477.77490234375,0,False
2022-08-02 12:59:41.076989,DepthPerception,161035478,nan,nan,480.0,360.0,nan,nan,0,False
2022-08-02 12:59:41.076989,AzureObjectDetector,0.874,363,469,480.0,360.0,145.5,116.5,0,False
2022-08-02 12:59:48.161123,YOLOFaceDetector,0.540592610836029,89,90,480.0,360.0,238.5,123.5,0,False
2022-08-02 12:59:48.161123,YOLOObjectDetector,0.8753911256790161,321.1217346191406,475.29913330078125,480.0,360.0,421.48785400390625,467.5741271972656,0,False
2022-08-02 12:59:48.161123,DepthPerception,159126091,nan,nan,480.0,360.0,nan,nan,0,False
2022-08-02 12:59:48.161123,AzureObjectDetector,0.88,330,487,480.0,360.0,134.5,112.0,0,False
2022-08-02 12:59:55.154387,YOLOFaceDetector,nan,nan,nan,480.0,360.0,nan,nan,0,False
2022-08-02 12:59:55.154387,YOLOObjectDetector,0.7744012475013733,673.9854736328125,719.9205932617188,480.0,360.0,558.4284057617188,359.9602966308594,0,False
2022-08-02 12:59:55.154387,DepthPerception,252768064,nan,nan,480.0,360.0,nan,nan,0,False
2022-08-02 12:59:55.154387,AzureObjectDetector,0.84,635,676,480.0,360.0,122.5,4.0,0,False
2022-08-02 13:00:02.350260,YOLOFaceDetector,nan,nan,nan,480.0,360.0,nan,nan,0,False
2022-08-02 13:00:02.350260,YOLOObjectDetector,0.6042646765708923,695.6471557617188,717.2127685546875,480.0,360.0,565.6949462890625,358.60638427734375,0,False
2022-08-02 13:00:02.350260,DepthPerception,234127156,nan,nan,480.0,360.0,nan,nan,0,False
2022-08-02 13:00:02.350260,AzureObjectDetector,0.851,721,690,480.0,360.0,115.0,0.0,0,False
2022-08-02 13:00:09.650229,YOLOFaceDetector,0.8362044095993042,152,292,480.0,360.0,212.0,28.0,0,False
2022-08-02 13:00:09.650229,YOLOObjectDetector,0.7465143203735352,567.6373291015625,693.6753540039062,480.0,360.0,478.0537109375,357.8300476074219,0,False
2022-08-02 13:00:09.650229,DepthPerception,176680367,nan,nan,480.0,360.0,nan,nan,0,False
2022-08-02 13:00:09.650229,AzureObjectDetector,0.953,585,678,480.0,360.0,99.0,5.0,0,False
2022-08-02 13:00:17.027166,YOLOFaceDetector,nan,nan,nan,480.0,360.0,nan,nan,0,False
2022-08-02 13:00:17.027166,YOLOObjectDetector,0.8604121208190918,569.7748413085938,696.151611328125,480.0,360.0,504.3046569824219,351.57940673828125,0,False
2022-08-02 13:00:17.027166,DepthPerception,180921766,nan,nan,480.0,360.0,nan,nan,0,False
2022-08-02 13:00:17.027166,AzureObjectDetector,0.943,598,676,480.0,360.0,111.5,4.5,0,False
2022-08-02 13:00:24.166403,YOLOFaceDetector,0.8209434747695923,342,442,480.0,360.0,191.0,-9.0,0,False
2022-08-02 13:00:24.166403,YOLOObjectDetector,0.8379328846931458,855.5078125,695.0342407226562,480.0,360.0,472.28472900390625,357.2182922363281,0,False
2022-08-02 13:00:24.166403,DepthPerception,195233799,nan,nan,480.0,360.0,nan,nan,0,False
2022-08-02 13:00:24.166403,AzureObjectDetector,0.73,770,683,480.0,360.0,49.0,16.0,0,False
2022-08-02 13:00:31.507005,YOLOFaceDetector,0.5165852308273315,343,494,480.0,360.0,202.5,-21.0,0,False
2022-08-02 13:00:31.507005,YOLOObjectDetector,0.6852262616157532,895.1072998046875,698.0279541015625,480.0,360.0,481.85455322265625,354.85699462890625,0,False
2022-08-02 13:00:31.507005,DepthPerception,220054774,nan,nan,480.0,360.0,nan,nan,0,False
2022-08-02 13:00:31.507005,AzureObjectDetector,0.87,766,683,480.0,360.0,81.0,0.0,0,False
2022-08-02 13:00:40.516636,YOLOFaceDetector,0.5744186639785767,166,207,480.0,360.0,219.5,136.0,0,False
2022-08-02 13:00:40.516636,YOLOObjectDetector,0.7462120652198792,679.310791015625,512.293701171875,480.0,360.0,603.9332885742188,459.94427490234375,0,False
2022-08-02 13:00:40.516636,DepthPerception,269992431,nan,nan,480.0,360.0,nan,nan,0,False
2022-08-02 13:00:40.516636,AzureObjectDetector,0.897,693,528,480.0,360.0,131.0,96.0,0,False
2022-08-02 13:00:47.682436,YOLOFaceDetector,0.573318600654602,178,256,480.0,360.0,207.5,118.5,0,False
2022-08-02 13:00:47.682436,YOLOObjectDetector,0.9297853708267212,661.9429321289062,540.5081787109375,480.0,360.0,613.87255859375,449.515380859375,0,False
2022-08-02 13:00:47.682436,DepthPerception,285217031,nan,nan,480.0,360.0,nan,nan,0,False
2022-08-02 13:00:47.682436,AzureObjectDetector,0.857,716,549,480.0,360.0,122.0,81.5,0,False
2022-08-02 13:00:55.277683,YOLOFaceDetector,0.8046941161155701,174,245,480.0,360.0,219.0,113.0,0,False
2022-08-02 13:00:55.277683,YOLOObjectDetector,0.7181617617607117,655.1790771484375,539.7083129882812,480.0,360.0,622.9276733398438,446.9870910644531,0,False
2022-08-02 13:00:55.277683,DepthPerception,284327662,nan,nan,480.0,360.0,nan,nan,0,False
2022-08-02 13:00:55.277683,AzureObjectDetector,0.867,712,554,480.0,360.0,124.0,79.5,0,False
2022-08-02 13:01:03.053550,YOLOFaceDetector,0.8046941161155701,174,245,480.0,360.0,219.0,113.0,0,False
2022-08-02 13:01:03.053550,YOLOObjectDetector,0.7181617617607117,655.1790771484375,539.7083129882812,480.0,360.0,622.9276733398438,446.9870910644531,0,False
2022-08-02 13:01:03.053550,DepthPerception,284327662,nan,nan,480.0,360.0,nan,nan,0,False
2022-08-02 13:01:03.053550,AzureObjectDetector,0.867,712,554,480.0,360.0,124.0,79.5,0,False
2022-08-02 13:01:09.953605,YOLOFaceDetector,0.8046941161155701,174,245,480.0,360.0,219.0,113.0,0,False
2022-08-02 13:01:09.953605,YOLOObjectDetector,0.7181617617607117,655.1790771484375,539.7083129882812,480.0,360.0,622.9276733398438,446.9870910644531,0,False
2022-08-02 13:01:09.953605,DepthPerception,284327662,nan,nan,480.0,360.0,nan,nan,0,False
2022-08-02 13:01:09.953605,AzureObjectDetector,0.867,712,554,480.0,360.0,124.0,79.5,0,False
2022-08-02 13:01:16.844380,YOLOFaceDetector,0.8046941161155701,174,245,480.0,360.0,219.0,113.0,0,False
2022-08-02 13:01:16.844380,YOLOObjectDetector,0.7181617617607117,655.1790771484375,539.7083129882812,480.0,360.0,622.9276733398438,446.9870910644531,0,False
2022-08-02 13:01:16.844380,DepthPerception,284327662,nan,nan,480.0,360.0,nan,nan,0,False
2022-08-02 13:01:16.844380,AzureObjectDetector,0.867,712,554,480.0,360.0,124.0,79.5,0,False
2022-08-02 13:02:51.526379,YOLOFaceDetector,0.5635629296302795,264,388,480.0,360.0,183.0,25.0,0,False
2022-08-02 13:02:51.526379,YOLOObjectDetector,0.7077502012252808,857.063232421875,654.7427368164062,480.0,360.0,471.50872802734375,392.3719177246094,0,False
2022-08-02 13:02:51.526379,DepthPerception,245287260,nan,nan,480.0,360.0,nan,nan,0,False
2022-08-02 13:02:51.526379,AzureObjectDetector,0.952,765,652,480.0,360.0,50.0,31.0,0,False
2022-08-02 13:02:58.727727,YOLOFaceDetector,0.8826876878738403,227,381,480.0,360.0,196.5,24.0,0,False
2022-08-02 13:02:58.727727,YOLOObjectDetector,0.7916989326477051,812.7548217773438,686.8997192382812,480.0,360.0,505.1567687988281,375.4817199707031,0,False
2022-08-02 13:02:58.727727,DepthPerception,223038007,nan,nan,480.0,360.0,nan,nan,0,False
2022-08-02 13:02:58.727727,AzureObjectDetector,0.922,722,659,480.0,360.0,68.0,25.0,0,False
2022-08-02 13:03:05.887861,YOLOFaceDetector,nan,nan,nan,480.0,360.0,nan,nan,0,False
2022-08-02 13:03:05.887861,YOLOObjectDetector,0.6918769478797913,920.2702026367188,710.8406982421875,480.0,360.0,476.8615417480469,364.57965087890625,0,False
2022-08-02 13:03:05.887861,DepthPerception,236332300,nan,nan,480.0,360.0,nan,nan,0,False
2022-08-02 13:03:05.887861,AzureObjectDetector,0.65,790,690,480.0,360.0,78.5,0.0,0,False
2022-08-02 13:03:12.743734,YOLOFaceDetector,0.9580042362213135,275,464,480.0,360.0,205.5,-23.0,0,False
2022-08-02 13:03:12.743734,YOLOObjectDetector,0.7906666994094849,918.6531372070312,710.5635986328125,480.0,360.0,483.4543762207031,360.7713623046875,0,False
2022-08-02 13:03:12.743734,DepthPerception,273063124,nan,nan,480.0,360.0,nan,nan,0,False
2022-08-02 13:03:12.743734,AzureObjectDetector,0.725,773,684,480.0,360.0,83.5,0.0,0,False
2022-08-02 13:03:20.233994,YOLOFaceDetector,0.9421857595443726,143,199,480.0,360.0,226.5,123.5,0,False
2022-08-02 13:03:20.233994,YOLOObjectDetector,0.904012143611908,451.2608642578125,476.8426513671875,480.0,360.0,517.4205932617188,466.04949951171875,0,False
2022-08-02 13:03:20.233994,DepthPerception,238383535,nan,nan,480.0,360.0,nan,nan,0,False
2022-08-02 13:03:20.233994,AzureObjectDetector,0.94,438,484,480.0,360.0,143.0,116.0,0,False
2022-08-02 13:03:28.700253,YOLOFaceDetector,0.9513195753097534,135,218,480.0,360.0,312.0,114.0,0,False
2022-08-02 13:03:28.700253,YOLOObjectDetector,0.8162204623222351,539.8901977539062,518.4271240234375,480.0,360.0,634.041259765625,457.63140869140625,0,False
2022-08-02 13:03:28.700253,DepthPerception,212998411,nan,nan,480.0,360.0,nan,nan,0,False
2022-08-02 13:03:28.700253,AzureObjectDetector,0.938,506,529,480.0,360.0,189.0,91.5,0,False
2022-08-02 13:03:35.533678,YOLOFaceDetector,0.939039945602417,113,152,480.0,360.0,282.5,159.0,0,False
2022-08-02 13:03:35.533678,YOLOObjectDetector,0.8361303806304932,421.89166259765625,395.2284851074219,480.0,360.0,596.2388916015625,500.818359375,0,False
2022-08-02 13:03:35.533678,DepthPerception,231547444,nan,nan,480.0,360.0,nan,nan,0,False
2022-08-02 13:03:35.533678,AzureObjectDetector,0.895,395,410,480.0,360.0,207.0,152.0,0,False
2022-08-02 13:03:42.878199,YOLOFaceDetector,0.9649220705032349,113,150,480.0,360.0,282.0,160.5,0,False
2022-08-02 13:03:42.878199,YOLOObjectDetector,0.8464959859848022,418.79022216796875,396.2328186035156,480.0,360.0,597.690185546875,501.81787109375,0,False
2022-08-02 13:03:42.878199,DepthPerception,227621330,nan,nan,480.0,360.0,nan,nan,0,False
2022-08-02 13:03:42.878199,AzureObjectDetector,0.904,398,410,480.0,360.0,206.5,151.5,0,False
2022-08-02 13:03:50.417936,YOLOFaceDetector,0.9649220705032349,113,150,480.0,360.0,282.0,160.5,0,False
2022-08-02 13:03:50.417936,YOLOObjectDetector,0.8464959859848022,418.79022216796875,396.2328186035156,480.0,360.0,597.690185546875,501.81787109375,0,False
2022-08-02 13:03:50.417936,DepthPerception,227621330,nan,nan,480.0,360.0,nan,nan,0,False
2022-08-02 13:03:50.417936,AzureObjectDetector,0.904,398,410,480.0,360.0,206.5,151.5,0,False
2022-08-02 13:11:52.698814,YOLOFaceDetector,0.9140897393226624,271,244,480.0,360.0,208.5,16.0,0,False
2022-08-02 13:11:52.698814,YOLOObjectDetector,0.6158999800682068,904.71240234375,703.9595336914062,480.0,360.0,507.643798828125,354.4908142089844,0,False
2022-08-02 13:11:52.698814,DepthPerception,219528022,nan,nan,480.0,360.0,nan,nan,0,False
2022-08-02 13:11:52.698814,AzureObjectDetector,0.719,798,695,480.0,360.0,76.0,12.5,0,False
2022-08-02 13:11:59.635046,YOLOFaceDetector,nan,nan,nan,480.0,360.0,nan,nan,0,False
2022-08-02 13:11:59.635046,YOLOObjectDetector,0.7912289500236511,890.92333984375,714.2549438476562,480.0,360.0,486.8233642578125,361.9985656738281,0,False
2022-08-02 13:11:59.635046,DepthPerception,218811858,nan,nan,480.0,360.0,nan,nan,0,False
2022-08-02 13:11:59.635046,AzureObjectDetector,0.732,778,685,480.0,360.0,11.5,14.5,0,False
2022-08-02 13:12:05.501349,YOLOFaceDetector,0.5773876905441284,244,374,480.0,360.0,118.0,1.5,0,False
2022-08-02 13:12:05.501349,YOLOObjectDetector,0.7338477373123169,879.7088623046875,702.6541748046875,480.0,360.0,493.97540283203125,360.0135498046875,0,False
2022-08-02 13:12:05.501349,DepthPerception,235523130,nan,nan,480.0,360.0,nan,nan,0,False
2022-08-02 13:12:05.501349,AzureObjectDetector,0.743,796,678,480.0,360.0,75.0,17.5,0,False
2022-08-02 13:12:11.165028,YOLOFaceDetector,0.776740312576294,190,296,480.0,360.0,207.5,85.0,0,False
2022-08-02 13:12:11.165028,YOLOObjectDetector,0.8737583160400391,738.1878662109375,554.76904296875,480.0,360.0,535.5958251953125,441.599609375,0,False
2022-08-02 13:12:11.165028,DepthPerception,226879541,nan,nan,480.0,360.0,nan,nan,0,False
2022-08-02 13:12:11.165028,AzureObjectDetector,0.936,771,552,480.0,360.0,79.0,80.0,0,False
2022-08-02 13:12:16.931653,YOLOFaceDetector,0.8621914386749268,172,290,480.0,360.0,223.0,115.0,0,False
2022-08-02 13:12:16.931653,YOLOObjectDetector,0.7467654943466187,784.5073852539062,514.7081298828125,480.0,360.0,540.2794189453125,456.86041259765625,0,False
2022-08-02 13:12:16.931653,DepthPerception,235895461,nan,nan,480.0,360.0,nan,nan,0,False
2022-08-02 13:12:16.931653,AzureObjectDetector,0.89,792,542,480.0,360.0,74.5,89.0,0,False
2022-08-02 13:12:22.399865,YOLOFaceDetector,0.9386695027351379,300,416,480.0,360.0,177.5,51.5,0,False
2022-08-02 13:12:22.399865,YOLOObjectDetector,0.3511996269226074,939.2349243164062,665.2890625,480.0,360.0,469.6174621582031,385.2545166015625,0,False
2022-08-02 13:12:22.399865,DepthPerception,204674014,nan,nan,480.0,360.0,nan,nan,0,False
2022-08-02 13:12:22.399865,AzureObjectDetector,0.791,791,653,480.0,360.0,5.5,27.5,0,False
2022-08-02 13:12:28.512317,YOLOFaceDetector,nan,nan,nan,480.0,360.0,nan,nan,0,False
2022-08-02 13:12:28.512317,YOLOObjectDetector,nan,nan,nan,480.0,360.0,nan,nan,0,False
2022-08-02 13:12:28.512317,DepthPerception,207265635,nan,nan,480.0,360.0,nan,nan,0,False
2022-08-02 13:12:28.512317,AzureObjectDetector,nan,nan,nan,480.0,360.0,nan,nan,0,False
2022-08-02 13:12:34.385225,YOLOFaceDetector,nan,nan,nan,480.0,360.0,nan,nan,0,False
2022-08-02 13:12:34.385225,YOLOObjectDetector,nan,nan,nan,480.0,360.0,nan,nan,0,False
2022-08-02 13:12:34.385225,DepthPerception,204282574,nan,nan,480.0,360.0,nan,nan,0,False
2022-08-02 13:12:34.385225,AzureObjectDetector,nan,nan,nan,480.0,360.0,nan,nan,0,False
2022-08-02 13:12:40.113116,YOLOFaceDetector,nan,nan,nan,480.0,360.0,nan,nan,0,False
2022-08-02 13:12:40.113116,YOLOObjectDetector,nan,nan,nan,480.0,360.0,nan,nan,0,False
2022-08-02 13:12:40.113116,DepthPerception,280249052,nan,nan,480.0,360.0,nan,nan,0,False
2022-08-02 13:12:40.113116,AzureObjectDetector,nan,nan,nan,480.0,360.0,nan,nan,0,False
2022-08-02 13:12:46.241061,YOLOFaceDetector,0.8848808407783508,248,451,480.0,360.0,260.5,30.5,0,False
2022-08-02 13:12:46.241061,YOLOObjectDetector,0.7477566599845886,743.400390625,708.8546142578125,480.0,360.0,588.2998046875,365.13836669921875,0,False
2022-08-02 13:12:46.241061,DepthPerception,247016521,nan,nan,480.0,360.0,nan,nan,0,False
2022-08-02 13:12:46.241061,AzureObjectDetector,0.885,726,703,480.0,360.0,112.5,8.5,0,False
2022-08-02 13:12:52.157708,YOLOFaceDetector,nan,nan,nan,480.0,360.0,nan,nan,0,False
2022-08-02 13:12:52.157708,YOLOObjectDetector,nan,nan,nan,480.0,360.0,nan,nan,0,False
2022-08-02 13:12:52.157708,DepthPerception,206446331,nan,nan,480.0,360.0,nan,nan,0,False
2022-08-02 13:12:52.157708,AzureObjectDetector,nan,nan,nan,480.0,360.0,nan,nan,0,False
2022-08-02 13:12:58.022252,YOLOFaceDetector,nan,nan,nan,480.0,360.0,nan,nan,0,False
2022-08-02 13:12:58.022252,YOLOObjectDetector,0.9055309891700745,288.05987548828125,720.0,480.0,360.0,811.901123046875,360.0,0,False
2022-08-02 13:12:58.022252,DepthPerception,262546736,nan,nan,480.0,360.0,nan,nan,0,False
2022-08-02 13:12:58.022252,AzureObjectDetector,0.715,296,701,480.0,360.0,329.5,9.5,0,False
2022-08-02 13:13:04.352608,YOLOFaceDetector,0.8022981286048889,127,150,480.0,360.0,222.0,76.5,0,False
2022-08-02 13:13:04.352608,YOLOObjectDetector,0.9230393171310425,326.9926452636719,578.821044921875,480.0,360.0,542.3943481445312,430.5894775390625,0,False
2022-08-02 13:13:04.352608,DepthPerception,266217988,nan,nan,480.0,360.0,nan,nan,0,False
2022-08-02 13:13:04.352608,AzureObjectDetector,0.938,339,564,480.0,360.0,186.0,75.5,0,False
2022-08-02 13:13:10.048475,YOLOFaceDetector,nan,nan,nan,480.0,360.0,nan,nan,0,False
2022-08-02 13:13:10.048475,YOLOObjectDetector,0.9142829775810242,364.2366943359375,620.8580322265625,480.0,360.0,729.4835815429688,397.9940185546875,0,False
2022-08-02 13:13:10.048475,DepthPerception,224808765,nan,nan,480.0,360.0,nan,nan,0,False
2022-08-02 13:13:10.048475,AzureObjectDetector,0.919,384,626,480.0,360.0,272.0,43.5,0,False
2022-08-02 13:13:17.345062,YOLOFaceDetector,nan,nan,nan,480.0,360.0,nan,nan,0,False
2022-08-02 13:13:17.345062,YOLOObjectDetector,0.7368980050086975,460.4419250488281,718.2869873046875,480.0,360.0,727.7067260742188,359.14349365234375,0,False
2022-08-02 13:13:17.345062,DepthPerception,292550774,nan,nan,480.0,360.0,nan,nan,0,False
2022-08-02 13:13:17.345062,AzureObjectDetector,0.788,457,692,480.0,360.0,251.5,2.0,0,False
2022-08-02 13:13:23.092878,YOLOFaceDetector,0.9919363856315613,253,369,480.0,360.0,286.5,5.0,0,False
2022-08-02 13:13:23.092878,YOLOObjectDetector,0.8201733231544495,708.1358032226562,717.9896240234375,480.0,360.0,605.93212890625,361.00518798828125,0,False
2022-08-02 13:13:23.092878,DepthPerception,220256874,nan,nan,480.0,360.0,nan,nan,0,False
2022-08-02 13:13:23.092878,AzureObjectDetector,0.917,698,694,480.0,360.0,124.5,11.5,0,False
2022-08-02 13:13:28.775646,YOLOFaceDetector,0.9314319491386414,294,359,480.0,360.0,248.5,-1.0,0,False
2022-08-02 13:13:28.775646,YOLOObjectDetector,0.9191720485687256,786.58740234375,716.7728271484375,480.0,360.0,556.3401489257812,359.77923583984375,0,False
2022-08-02 13:13:28.775646,DepthPerception,219093873,nan,nan,480.0,360.0,nan,nan,0,False
2022-08-02 13:13:28.775646,AzureObjectDetector,0.897,784,699,480.0,360.0,85.0,10.5,0,False
2022-08-02 13:13:34.096486,YOLOFaceDetector,nan,nan,nan,480.0,360.0,nan,nan,0,False
2022-08-02 13:13:34.096486,YOLOObjectDetector,nan,nan,nan,480.0,360.0,nan,nan,0,False
2022-08-02 13:13:34.096486,DepthPerception,191443510,nan,nan,480.0,360.0,nan,nan,0,False
2022-08-02 13:13:34.096486,AzureObjectDetector,nan,nan,nan,480.0,360.0,nan,nan,0,False
2022-08-02 13:13:40.001989,YOLOFaceDetector,nan,nan,nan,480.0,360.0,nan,nan,0,False
2022-08-02 13:13:40.001989,YOLOObjectDetector,0.7420808672904968,378.6900329589844,318.8060302734375,480.0,360.0,506.5145263671875,161.3140869140625,0,False
2022-08-02 13:13:40.001989,DepthPerception,201340994,nan,nan,480.0,360.0,nan,nan,0,False
2022-08-02 13:13:40.001989,AzureObjectDetector,0.596,385,334,480.0,360.0,144.0,3.5,0,False
2022-08-02 13:13:49.064509,YOLOFaceDetector,nan,nan,nan,480.0,360.0,nan,nan,0,False
2022-08-02 13:13:49.064509,YOLOObjectDetector,0.8623603582382202,402.35516357421875,321.69586181640625,480.0,360.0,242.78570556640625,162.32571411132812,0,False
2022-08-02 13:13:49.064509,DepthPerception,237616881,nan,nan,480.0,360.0,nan,nan,0,False
2022-08-02 13:13:49.064509,AzureObjectDetector,0.521,407,333,480.0,360.0,11.0,5.0,0,False
2022-08-02 13:13:54.110053,YOLOFaceDetector,nan,nan,nan,480.0,360.0,nan,nan,0,False
2022-08-02 13:13:54.110053,YOLOObjectDetector,0.840889573097229,436.6466979980469,321.77923583984375,480.0,360.0,255.67857360839844,162.97967529296875,0,False
2022-08-02 13:13:54.110053,DepthPerception,214873670,nan,nan,480.0,360.0,nan,nan,0,False
2022-08-02 13:13:54.110053,AzureObjectDetector,0.554,174,269,480.0,360.0,233.5,24.0,0,False
2022-08-02 13:15:38.215757,YOLOFaceDetector,nan,nan,nan,480.0,360.0,nan,nan,0,False
2022-08-02 13:15:38.215757,YOLOObjectDetector,0.8149622678756714,884.969482421875,701.4309692382812,480.0,360.0,470.7684326171875,362.3827819824219,0,False
2022-08-02 13:15:38.215757,DepthPerception,239977896,nan,nan,480.0,360.0,nan,nan,0,False
2022-08-02 13:15:38.215757,AzureObjectDetector,0.696,784,698,480.0,360.0,78.5,0.0,0,False
2022-08-02 13:15:46.258852,YOLOFaceDetector,0.8245048522949219,215,259,480.0,360.0,217.0,23.0,0,False
2022-08-02 13:15:46.258852,YOLOObjectDetector,0.7938802242279053,881.5576171875,687.461669921875,480.0,360.0,462.4697265625,363.635986328125,0,False
2022-08-02 13:15:46.258852,DepthPerception,228338745,nan,nan,480.0,360.0,nan,nan,0,False
2022-08-02 13:15:46.258852,AzureObjectDetector,0.717,795,698,480.0,360.0,74.5,11.0,0,False
2022-08-02 13:15:55.251489,YOLOFaceDetector,0.9565969705581665,270,355,480.0,360.0,180.5,29.0,0,False
2022-08-02 13:15:55.251489,YOLOObjectDetector,0.7700511813163757,834.7592163085938,709.3020629882812,480.0,360.0,511.7768249511719,364.7182922363281,0,False
2022-08-02 13:15:55.251489,DepthPerception,248087170,nan,nan,480.0,360.0,nan,nan,0,False
2022-08-02 13:15:55.251489,AzureObjectDetector,0.904,773,679,480.0,360.0,50.0,17.5,0,False
2022-08-02 13:16:02.550561,YOLOFaceDetector,0.8801251649856567,234,324,480.0,360.0,181.0,33.5,0,False
2022-08-02 13:16:02.550561,YOLOObjectDetector,0.7550770044326782,830.157958984375,716.3820190429688,480.0,360.0,495.87274169921875,360.5609436035156,0,False
2022-08-02 13:16:02.550561,DepthPerception,267815250,nan,nan,480.0,360.0,nan,nan,0,False
2022-08-02 13:16:02.550561,AzureObjectDetector,0.895,767,690,480.0,360.0,48.5,14.5,0,False
2022-08-02 13:16:10.363619,YOLOFaceDetector,0.9250828623771667,244,298,480.0,360.0,179.5,42.5,0,False
2022-08-02 13:16:10.363619,YOLOObjectDetector,0.7930825352668762,794.8134765625,711.918701171875,480.0,360.0,511.55975341796875,361.6895751953125,0,False
2022-08-02 13:16:10.363619,DepthPerception,267961558,nan,nan,480.0,360.0,nan,nan,0,False
2022-08-02 13:16:10.363619,AzureObjectDetector,0.909,757,686,480.0,360.0,53.5,15.5,0,False
2022-08-02 13:16:17.323165,YOLOFaceDetector,0.9688099026679993,157,250,480.0,360.0,228.5,92.5,0,False
2022-08-02 13:16:17.323165,YOLOObjectDetector,0.6688380837440491,804.6010131835938,569.0813598632812,480.0,360.0,422.7216491699219,435.4593200683594,0,False
2022-08-02 13:16:17.323165,DepthPerception,220739069,nan,nan,480.0,360.0,nan,nan,0,False
2022-08-02 13:16:17.323165,AzureObjectDetector,0.895,761,550,480.0,360.0,12.5,81.0,0,False
2022-08-02 13:16:24.352670,YOLOFaceDetector,nan,nan,nan,480.0,360.0,nan,nan,0,True
2022-08-02 13:16:24.352670,YOLOObjectDetector,nan,nan,nan,480.0,360.0,nan,nan,0,True
2022-08-02 13:16:24.352670,DepthPerception,234404369,nan,nan,480.0,360.0,nan,nan,0,True
2022-08-02 13:16:24.352670,AzureObjectDetector,nan,nan,nan,480.0,360.0,nan,nan,0,True
2022-08-02 13:16:31.225885,YOLOFaceDetector,nan,nan,nan,480.0,360.0,nan,nan,20,True
2022-08-02 13:16:31.225885,YOLOObjectDetector,nan,nan,nan,480.0,360.0,nan,nan,20,True
2022-08-02 13:16:31.225885,DepthPerception,220299673,nan,nan,480.0,360.0,nan,nan,20,True
2022-08-02 13:16:31.225885,AzureObjectDetector,nan,nan,nan,480.0,360.0,nan,nan,20,True
